"","log prob"
"138th running of the kentucky derby",-7.56441135095967
"3rd season of one tree hill",-7.56441135095967
"a chance to win a prize",-7.56441135095967
"a couple of days ago and",-7.27672927850789
"a couple of years ago she",-7.27672927850789
"a difference in the lives of",-7.56441135095967
"a father can do for his",-7.56441135095967
"a feeling that is going to",-7.56441135095967
"a few of the things i",-7.56441135095967
"a force to be reckoned with",-7.05358572719368
"a friend is someone who knows",-7.56441135095967
"a good friend of mine who",-7.56441135095967
"a good idea at the time",-7.27672927850789
"a good way to start the",-7.27672927850789
"a good weekend was had by",-7.56441135095967
"a great time working on the",-7.56441135095967
"a great way to start off",-7.56441135095967
"a large skillet over medium heat",-7.05358572719368
"a light at the end of",-7.56441135095967
"a link to your blog post",-7.56441135095967
"a look at some of the",-6.87126417039972
"a lot of catching up to",-7.56441135095967
"a lot of getting used to",-7.56441135095967
"a lot of it has to",-7.56441135095967
"a lot of people come to",-7.56441135095967
"a lot of time and energy",-7.56441135095967
"a lot of work to do",-6.87126417039972
"a lot to be happy about",-7.56441135095967
"a man and a woman and",-7.56441135095967
"a once in a lifetime opportunity",-7.56441135095967
"a special place in my heart",-7.27672927850789
"a special thank you to the",-7.56441135095967
"a time there was a girl",-7.56441135095967
"a tip of the hat to",-7.56441135095967
"a year and a half ago",-7.27672927850789
"a year and a half later",-7.56441135095967
"about tomorrow for tomorrow will be",-7.56441135095967
"about what needs to be done",-7.56441135095967
"about you and still loves you",-7.56441135095967
"accept the things i cannot change",-7.56441135095967
"act like a lady think like",-7.56441135095967
"after a long day at work",-7.56441135095967
"after an hour and a half",-7.56441135095967
"alexander and the terrible horrible no",-7.56441135095967
"all about you and still loves",-7.56441135095967
"all i can do is sit",-7.56441135095967
"all i can think about is",-7.27672927850789
"all i can think is my",-7.56441135095967
"all i could do to get",-7.56441135095967
"all i have to do is",-7.27672927850789
"all i want to do is",-6.58358209794794
"all is right with the world",-7.56441135095967
"all know what i'm talking about",-7.56441135095967
"all of the moms out there",-7.56441135095967
"all the days of her life",-7.56441135095967
"all the help we can get",-7.56441135095967
"all the way back to the",-7.56441135095967
"all the way to the end",-7.27672927850789
"all you have to do is",-6.02396631001252
"all you need is a little",-7.56441135095967
"all you need to do is",-6.46579906229156
"am i the only one who",-5.95497343852557
"am now a huge fan of",-7.56441135095967
"am really looking forward to it",-7.27672927850789
"am so not looking forward to",-7.27672927850789
"am still trying to figure out",-7.56441135095967
"am trying to figure out what",-7.56441135095967
"an end of the year celebration",-7.56441135095967
"an increase in the number of",-7.56441135095967
"and a flat screen tv is",-7.56441135095967
"and all i have to do",-7.56441135095967
"and all this time i thought",-7.56441135095967
"and at the end of the",-6.87126417039972
"and be kind to one another",-7.56441135095967
"and by the end of the",-7.56441135095967
"and don't get me wrong i",-7.56441135095967
"and for the first time in",-7.27672927850789
"and have a vested interest in",-7.56441135095967
"and his father in law is",-7.56441135095967
"and hope to see you at",-7.56441135095967
"and i'm not a fan of",-7.56441135095967
"and i'm not just saying that",-7.56441135095967
"and i can't wait for the",-7.56441135095967
"and i can't wait to get",-7.27672927850789
"and i can't wait to see",-6.71711349057246
"and i don't know what to",-7.56441135095967
"and i get to go to",-7.56441135095967
"and i had no idea what",-7.56441135095967
"and i have a lot of",-7.56441135095967
"and i have been trying to",-7.56441135095967
"and i have to go to",-7.56441135095967
"and i have yet to find",-7.56441135095967
"and i like it that way",-7.56441135095967
"and i love you so much",-7.56441135095967
"and i smile every time i",-7.56441135095967
"and i thank you for your",-7.56441135095967
"and if you don't share it",-7.56441135095967
"and is a member of the",-7.56441135095967
"and it was so much fun",-7.56441135095967
"and let me know if you",-7.27672927850789
"and let me know what you",-7.05358572719368
"and let the chips fall where",-7.56441135095967
"and let us know what you",-7.05358572719368
"and salt and pepper if needed",-7.56441135095967
"and tell me what you think",-7.27672927850789
"and the terrible horrible no good",-7.56441135095967
"and this is a good thing",-7.56441135095967
"and yet there are times when",-7.56441135095967
"and you all know how i",-7.56441135095967
"and you can see that the",-7.56441135095967
"and you can use it to",-7.56441135095967
"another in a long line of",-7.56441135095967
"anxious about tomorrow for tomorrow will",-7.56441135095967
"anxious for itself sufficient for the",-7.56441135095967
"any questions please feel free to",-7.56441135095967
"anything i can do to help",-6.87126417039972
"anything you would like to see",-7.56441135095967
"anywhere in the world where would",-7.56441135095967
"appeals for the second circuit in",-7.56441135095967
"are going to be in a",-7.56441135095967
"are in the middle of the",-7.56441135095967
"are looking forward to another year",-7.56441135095967
"are not supposed to paralyze you",-7.56441135095967
"are two sides of the same",-7.56441135095967
"are we going to pay for",-7.56441135095967
"are you going to do another",-7.56441135095967
"around the back of his head",-7.56441135095967
"as far as i can tell",-6.87126417039972
"as far as i could tell",-7.56441135095967
"as fast as you can in",-7.56441135095967
"as good as it was last",-7.56441135095967
"as good as they're going to",-7.56441135095967
"as i thought it would be",-7.05358572719368
"as long as you get to",-7.56441135095967
"as many people as you can",-7.56441135095967
"as soon as possible so i",-7.56441135095967
"ashes to ashes dust to dust",-7.56441135095967
"ask when was the last time",-7.56441135095967
"at first i thought it was",-7.56441135095967
"at first you don't succeed try",-7.56441135095967
"at least as far as the",-7.56441135095967
"at least twice a week and",-7.56441135095967
"at some point during the day",-7.56441135095967
"at the beginning of the movie",-7.56441135095967
"at the beginning of the season",-7.56441135095967
"at the bottom of the list",-7.56441135095967
"at the end of a long",-7.56441135095967
"at the end of the day",-5.07950470117167
"at the end of the month",-6.36043854663373
"at the end of the night",-6.46579906229156
"at the end of the semester",-7.56441135095967
"at the end of the song",-7.56441135095967
"at the end of the tunnel",-7.05358572719368
"at the end of the week",-7.27672927850789
"at the end of the year",-6.36043854663373
"at the indiana state fair last",-7.56441135095967
"at the other end of the",-7.27672927850789
"at the university of north carolina",-7.27672927850789
"away for a few days for",-7.56441135095967
"back as soon as i can",-7.56441135095967
"back into the swing of things",-7.27672927850789
"be a part of it they",-7.56441135095967
"be able to get married and",-7.56441135095967
"be able to tell the difference",-7.56441135095967
"be anxious about tomorrow for tomorrow",-7.56441135095967
"be anxious for itself sufficient for",-7.56441135095967
"be careful what you wish for",-7.56441135095967
"be even better than the last",-7.56441135095967
"be grateful for what you have",-7.27672927850789
"be interesting to see what direction",-7.56441135095967
"be on the lookout for a",-7.56441135095967
"be on the safe side i",-7.56441135095967
"be one of the first to",-7.56441135095967
"be sure to check it out",-6.87126417039972
"be sure to check out the",-6.87126417039972
"be the center of the universe",-7.56441135095967
"be the change you wish to",-7.27672927850789
"be waiting for me when i",-7.56441135095967
"because i felt like i was",-7.27672927850789
"because i was a band geek",-7.56441135095967
"because the bible says it's wrong",-7.56441135095967
"been a long time since i",-7.05358572719368
"been on my to read list",-7.56441135095967
"been way too long since i've",-7.56441135095967
"best of luck to you and",-7.27672927850789
"between a man and a woman",-7.27672927850789
"blog so we can check it",-7.56441135095967
"bound to happen sooner or later",-7.56441135095967
"brought tears to my eyes a",-7.56441135095967
"but all i can do is",-7.56441135095967
"but at the end of the",-6.71711349057246
"but at the same time i",-7.27672927850789
"but i've never been one to",-7.56441135095967
"but i don't know if the",-7.56441135095967
"but i don't want to be",-7.56441135095967
"but i have no doubt that",-7.56441135095967
"but i have no plans to",-7.56441135095967
"but i like to think of",-7.56441135095967
"but i really don't want to",-7.27672927850789
"but i think i'd like to",-7.56441135095967
"but i think i needed to",-7.56441135095967
"but i think i want to",-7.56441135095967
"but if that's the worst thing",-7.56441135095967
"but if you really want to",-7.56441135095967
"but in order to do that",-7.56441135095967
"but it doesn't have to be",-7.27672927850789
"but it is what it is",-7.56441135095967
"but that didn't stop me from",-7.56441135095967
"but the devil is in the",-7.56441135095967
"but the man is an idiot",-7.56441135095967
"but then again i'm not the",-7.56441135095967
"by the end of the day",-6.87126417039972
"by the end of the month",-7.27672927850789
"by the end of the week",-6.58358209794794
"by the end of the weekend",-7.56441135095967
"by the end of the year",-7.05358572719368
"can't believe it's been a year",-7.56441135095967
"can't tell you how much i",-7.56441135095967
"can't wait to do it again",-7.27672927850789
"can't wait to get back to",-7.27672927850789
"can't wait to see what else",-7.56441135095967
"can't wait to share them with",-7.56441135095967
"can always be counted on to",-7.56441135095967
"can come from the most unlikely",-7.56441135095967
"can come true if we have",-7.56441135095967
"can come up with the best",-7.56441135095967
"can do for his children is",-7.56441135095967
"can only be found in the",-7.56441135095967
"caught up with me and i",-7.56441135095967
"centers for disease control and prevention",-7.27672927850789
"challenges are not supposed to paralyze",-7.56441135095967
"chance to win a pair of",-7.27672927850789
"change in the relationship between the",-7.56441135095967
"change the things i can and",-7.56441135095967
"change you wish to see in",-7.27672927850789
"christmas and happy new year and",-7.56441135095967
"close they were to success when",-7.56441135095967
"come to the conclusion that we",-7.56441135095967
"come true if we have the",-7.56441135095967
"could have bought a really nice",-7.56441135095967
"couldn't have been a more perfect",-7.56441135095967
"couldn't have said it better myself",-7.56441135095967
"couples should be able to get",-6.71711349057246
"courage to change the things i",-7.56441135095967
"court of appeals for the second",-7.56441135095967
"day from all of us at",-7.56441135095967
"day of the rest of my",-7.27672927850789
"day to all of the moms",-7.27672927850789
"democratic national committee chair debbie wasserman",-7.56441135095967
"details on how to make your",-7.56441135095967
"didn't think it was possible to",-7.56441135095967
"dignity of gays and lesbians in",-7.56441135095967
"do a better job of keeping",-7.27672927850789
"do i need to do to",-7.56441135095967
"do not be anxious about tomorrow",-7.56441135095967
"do the right thing for the",-7.56441135095967
"do what you have to do",-7.56441135095967
"do whatever it takes to make",-7.56441135095967
"do you have to be to",-7.56441135095967
"do you know who i am",-7.05358572719368
"do you want me to do",-7.27672927850789
"do you want to read about",-7.56441135095967
"does it take to get to",-7.56441135095967
"does that have to do with",-7.05358572719368
"doesn't get much better than this",-7.05358572719368
"don't even know what to do",-7.56441135095967
"don't even know where to begin",-7.56441135095967
"don't forget to check out my",-7.56441135095967
"don't get me wrong i love",-7.27672927850789
"don't got nothing to do with",-7.56441135095967
"don't know about you but i",-6.87126417039972
"don't know how i feel about",-7.27672927850789
"don't know how to do this",-7.56441135095967
"don't know if i can make",-7.56441135095967
"don't know if i could ever",-7.56441135095967
"don't know if i want to",-7.56441135095967
"don't know what else to say",-7.56441135095967
"don't know what it is but",-7.56441135095967
"don't know what to do next",-7.56441135095967
"don't know what to do with",-7.05358572719368
"don't know what to think about",-7.56441135095967
"don't know where to start i",-7.56441135095967
"don't let anyone tell you you",-7.56441135095967
"don't want to live in the",-7.56441135095967
"don't want to miss out on",-7.56441135095967
"don't want to think about that",-7.56441135095967
"each and every one of us",-7.56441135095967
"each and every one of you",-7.56441135095967
"editor of the news of the",-7.56441135095967
"end of the month but i",-7.56441135095967
"end of the spectrum is the",-7.56441135095967
"even know what to do anymore",-7.56441135095967
"every night before you go to",-7.56441135095967
"everyone that came out to the",-7.56441135095967
"excited to be a part of",-7.05358572719368
"fact of the matter is that",-7.56441135095967
"failures are people who did not",-7.56441135095967
"father can do for his children",-7.56441135095967
"feel free to check it out",-7.56441135095967
"figure out how to use the",-7.56441135095967
"find a way to get it",-7.56441135095967
"finished by the end of the",-7.27672927850789
"first day of school and i",-7.56441135095967
"first day of the rest of",-7.56441135095967
"first thing that came to my",-7.56441135095967
"first time in a long time",-6.87126417039972
"first time in my life i",-7.05358572719368
"first you don't succeed try try",-7.56441135095967
"for a chance to win a",-6.02396631001252
"for a minute or two then",-7.56441135095967
"for a while and i finally",-7.56441135095967
"for a while or until the",-7.56441135095967
"for an hour and a half",-6.87126417039972
"for being a good friend to",-7.56441135095967
"for giving me the opportunity to",-7.56441135095967
"for giving us such a great",-7.56441135095967
"for itself sufficient for the day",-7.56441135095967
"for me when i get home",-7.56441135095967
"for the better part of a",-7.05358572719368
"for the day is its own",-7.56441135095967
"for the first time i feel",-7.56441135095967
"for the first time in a",-6.26512836682941
"for the first time in months",-7.27672927850789
"for the first time in my",-6.87126417039972
"for the first time in the",-7.27672927850789
"for the first time in weeks",-7.56441135095967
"for the first time in years",-7.05358572719368
"for the first time it was",-7.56441135095967
"for the first time this year",-7.27672927850789
"for the last couple of days",-7.56441135095967
"for the life of me i",-6.87126417039972
"for the longest time but i",-7.56441135095967
"for the rest of his life",-7.56441135095967
"for the rest of my life",-6.02396631001252
"for the rest of the day",-6.46579906229156
"for the rest of the week",-7.27672927850789
"for the rest of the world",-7.56441135095967
"for the rest of the year",-6.87126417039972
"for the rest of their lives",-7.56441135095967
"for the rest of your life",-7.05358572719368
"for the second time this week",-7.27672927850789
"for those of you who have",-6.87126417039972
"for three days in a row",-7.56441135095967
"for tomorrow will be anxious for",-7.56441135095967
"for your chance to win an",-7.56441135095967
"friend is someone who knows all",-7.56441135095967
"front page of the new york",-7.56441135095967
"get a few hours of sleep",-7.56441135095967
"get anything done in this world",-7.56441135095967
"get back into the habit of",-7.56441135095967
"get back into the swing of",-7.56441135095967
"get in the way of my",-7.56441135095967
"get in the way of your",-7.56441135095967
"get ready to start my day",-7.56441135095967
"getting back into the swing of",-7.56441135095967
"getting government out of the way",-7.56441135095967
"give a shout out to the",-7.56441135095967
"glad to be rid of the",-7.56441135095967
"go all the way to the",-7.27672927850789
"go down as one of the",-7.56441135095967
"go out of their way to",-7.56441135095967
"god grant me the serenity to",-7.56441135095967
"god has placed in your life",-7.56441135095967
"going back to the drawing board",-7.56441135095967
"going from failure to failure without",-7.56441135095967
"going on in my life right",-7.27672927850789
"going to be a good one",-7.56441135095967
"going to be a lot of",-7.27672927850789
"going to be able to go",-7.56441135095967
"going to be able to look",-7.56441135095967
"going to be one of the",-7.27672927850789
"going to have a lot of",-7.56441135095967
"going to have so much fun",-7.56441135095967
"going to have to find a",-7.56441135095967
"going to make it to the",-7.27672927850789
"going to spend the rest of",-7.27672927850789
"going to take a lot of",-7.27672927850789
"going to try to make it",-7.56441135095967
"gonna be here for a while",-7.56441135095967
"good friend of mine who is",-7.56441135095967
"good weekend was had by all",-7.56441135095967
"grant me the serenity to accept",-7.56441135095967
"had a great time working on",-7.56441135095967
"had anything to do with it",-7.05358572719368
"had no idea what i was",-7.56441135095967
"had nothing to do with the",-7.27672927850789
"had something to do with the",-7.27672927850789
"had such a great time with",-7.56441135095967
"happy holidays from all of us",-7.56441135095967
"happy mother's day from all of",-7.27672927850789
"happy mothers day to all of",-7.56441135095967
"happy mothers day to all the",-6.46579906229156
"happy with how they turned out",-7.56441135095967
"hard for me to keep up",-7.56441135095967
"hard for me to talk about",-7.56441135095967
"has a lot to do with",-7.56441135095967
"has been a few days since",-7.56441135095967
"has been and continues to be",-7.56441135095967
"has nothing to do with the",-7.56441135095967
"have a feeling that is going",-7.56441135095967
"have a long way to go",-6.87126417039972
"have a lot of catching up",-7.56441135095967
"have a lot of free time",-7.56441135095967
"have a lot of work to",-7.27672927850789
"have a lot to be happy",-7.56441135095967
"have a love hate relationship with",-7.05358572719368
"have always wanted to be a",-7.56441135095967
"have any questions please feel free",-7.56441135095967
"have been eliminated from the playoffs",-7.56441135095967
"have been for a while now",-7.56441135095967
"have no idea how many times",-7.56441135095967
"have no idea how much i",-7.27672927850789
"have no idea what i am",-7.56441135095967
"have no idea where to go",-7.56441135095967
"have to find a way to",-7.56441135095967
"have to go back to the",-7.27672927850789
"have to go to school and",-7.56441135095967
"have to go to work and",-7.56441135095967
"have to learn the hard way",-7.56441135095967
"he said he wanted to make",-7.56441135095967
"he was one of the most",-7.56441135095967
"hear from you what do you",-7.56441135095967
"here in a couple of weeks",-7.56441135095967
"hey aren't you supposed to be",-7.27672927850789
"him in the head with a",-7.56441135095967
"hit in the head with a",-7.56441135095967
"hit the nail on the head",-7.05358572719368
"home to see my family and",-7.56441135095967
"hope everyone had a great weekend",-7.27672927850789
"hope everyone is enjoying their weekend",-7.56441135095967
"hope to see you at the",-6.46579906229156
"hope you all had a great",-6.87126417039972
"hope you all had a wonderful",-7.27672927850789
"hope you all have a fantastic",-7.56441135095967
"hope you all have a great",-6.71711349057246
"hope you are all having a",-7.27672927850789
"hope you had a wonderful time",-7.56441135095967
"hope you have a great day",-6.71711349057246
"hope you have a great weekend",-6.71711349057246
"horrible no good very bad day",-7.56441135095967
"how are we going to pay",-7.56441135095967
"how close they were to success",-7.56441135095967
"how long did it take to",-7.56441135095967
"how long have you been playing",-7.56441135095967
"how lucky i am to have",-7.56441135095967
"how many licks does it take",-7.56441135095967
"how to get the best out",-7.56441135095967
"how you do what you do",-7.56441135095967
"i'd love to be able to",-7.27672927850789
"i'd love to work with you",-7.56441135095967
"i'll keep an eye out for",-7.56441135095967
"i'll let you know when i",-7.56441135095967
"i'm a big fan of the",-7.27672927850789
"i'm afraid this is going to",-7.56441135095967
"i'm amazed at the amount of",-7.56441135095967
"i'm excited to announce that i",-7.56441135095967
"i'm going to make the best",-7.56441135095967
"i'm going to tell you to",-7.56441135095967
"i'm going to watch a movie",-7.56441135095967
"i'm looking forward to reading it",-7.27672927850789
"i'm not a big fan of",-7.27672927850789
"i'm not a fan of the",-7.27672927850789
"i'm not the only one who",-7.05358572719368
"i'm trying to say is i",-7.56441135095967
"i'm very happy with how they",-7.56441135095967
"i've been thinking a lot about",-7.56441135095967
"i've been thinking about it and",-7.56441135095967
"i've come to the conclusion that",-7.56441135095967
"i've had in a long time",-7.56441135095967
"i am a big fan of",-7.27672927850789
"i am going to try to",-7.05358572719368
"i am happy to say i",-7.56441135095967
"i am looking forward to the",-7.56441135095967
"i am not alone in this",-7.56441135095967
"i am not going to be",-7.27672927850789
"i am not sure if even",-7.56441135095967
"i am not the only one",-7.27672927850789
"i am now a huge fan",-7.56441135095967
"i am on my way to",-7.56441135095967
"i am one of those people",-7.56441135095967
"i am really looking forward to",-6.87126417039972
"i am so happy that i",-7.56441135095967
"i am so not looking forward",-7.27672927850789
"i am still trying to figure",-7.56441135095967
"i am the only one who",-7.56441135095967
"i am trying to figure out",-7.56441135095967
"i am very fortunate to have",-7.56441135095967
"i can't help but think about",-7.56441135095967
"i can't help but think of",-7.27672927850789
"i can't remember the last time",-7.56441135095967
"i can't tell you how much",-7.56441135095967
"i can't wait to see how",-7.56441135095967
"i can't wait to see the",-6.87126417039972
"i can't wait to see what",-6.71711349057246
"i can't wait to see you",-6.36043854663373
"i can't wait to share them",-7.56441135095967
"i can't wait to take a",-7.56441135095967
"i can come up with is",-7.56441135095967
"i can do it anyone can",-7.56441135095967
"i can say is that i",-7.56441135095967
"i can tell the difference i",-7.56441135095967
"i can tell you is that",-7.27672927850789
"i could get a picture of",-7.56441135095967
"i could go back in time",-7.56441135095967
"i decided it was time to",-7.27672927850789
"i decided to check out the",-7.56441135095967
"i didn't get a chance to",-7.27672927850789
"i didn't realize how much i",-7.56441135095967
"i didn't think it was possible",-7.27672927850789
"i do not want to see",-7.56441135095967
"i don't care what they say",-7.56441135095967
"i don't care what you say",-7.56441135095967
"i don't even know what that",-7.27672927850789
"i don't even know what to",-7.27672927850789
"i don't even know where to",-7.05358572719368
"i don't even remember when i",-7.56441135095967
"i don't have to deal with",-7.56441135095967
"i don't have to go to",-7.27672927850789
"i don't have to worry about",-7.27672927850789
"i don't know about you but",-6.17811698983978
"i don't know how many times",-7.05358572719368
"i don't know how to be",-7.56441135095967
"i don't know how to do",-7.27672927850789
"i don't know if i can",-7.05358572719368
"i don't know if i want",-7.56441135095967
"i don't know if this is",-7.56441135095967
"i don't know what else to",-7.27672927850789
"i don't know what it is",-6.87126417039972
"i don't know what to do",-6.71711349057246
"i don't know what to say",-7.56441135095967
"i don't know what to think",-7.56441135095967
"i don't know who you are",-7.56441135095967
"i don't like it when my",-7.56441135095967
"i don't think i've had this",-7.56441135095967
"i don't think i can do",-7.56441135095967
"i don't think i can stand",-7.56441135095967
"i don't think it's going to",-7.56441135095967
"i don't think that is the",-7.56441135095967
"i don't want to be a",-7.27672927850789
"i don't want to do anything",-7.56441135095967
"i don't want to live in",-7.56441135095967
"i don't want to look like",-7.56441135095967
"i don't want to think about",-7.56441135095967
"i feel like i have to",-7.56441135095967
"i feel like this is a",-7.56441135095967
"i feel the same way about",-7.56441135095967
"i fell in love with them",-7.56441135095967
"i felt the same way about",-7.56441135095967
"i got it in the mail",-7.56441135095967
"i got my wisdom teeth out",-7.56441135095967
"i guess what i'm saying is",-7.56441135095967
"i had a bit of a",-7.56441135095967
"i had a great time working",-7.56441135095967
"i had a lot of fun",-7.56441135095967
"i had no idea what was",-7.27672927850789
"i had to go to my",-7.56441135095967
"i had to go to the",-7.27672927850789
"i hate to admit it but",-7.27672927850789
"i hate to say it but",-7.27672927850789
"i have a feeling that is",-7.56441135095967
"i have a lot of work",-7.27672927850789
"i have a love hate relationship",-7.05358572719368
"i have a question for you",-7.27672927850789
"i have added it to my",-7.56441135095967
"i have always wanted to be",-7.56441135095967
"i have always wanted to go",-7.56441135095967
"i have hope that one day",-7.56441135095967
"i have no clue what i",-7.27672927850789
"i have no idea what i",-7.27672927850789
"i have no idea where she",-7.56441135095967
"i have not had time to",-7.56441135095967
"i have to do to get",-7.56441135095967
"i have to look forward to",-7.56441135095967
"i have to put it in",-7.56441135095967
"i have to say i'm not",-7.56441135095967
"i have to say i was",-7.27672927850789
"i haven't had a chance to",-7.56441135095967
"i heard it through the grapevine",-7.56441135095967
"i hope all is well with",-7.56441135095967
"i hope you all have a",-6.58358209794794
"i hope you have a great",-6.46579906229156
"i just can't bring myself to",-7.56441135095967
"i just don't have the time",-7.56441135095967
"i just had a conversation with",-7.56441135095967
"i just need to figure out",-7.56441135095967
"i just want someone to care",-7.56441135095967
"i just want to go to",-7.27672927850789
"i just want to show you",-7.56441135095967
"i just want to take a",-7.56441135095967
"i just wasn't in the mood",-7.56441135095967
"i kind of want to make",-7.56441135095967
"i knew i was going to",-6.87126417039972
"i knew it was a long",-7.56441135095967
"i knew it was going to",-7.56441135095967
"i knew there had to be",-7.56441135095967
"i knew you were going to",-7.56441135095967
"i know for a fact that",-7.27672927850789
"i know i'm not the only",-7.56441135095967
"i know what i'll be doing",-7.56441135095967
"i know what you mean i",-7.56441135095967
"i like to think of them",-7.56441135095967
"i live in the land of",-7.56441135095967
"i look in the mirror and",-7.27672927850789
"i looked in the mirror and",-7.56441135095967
"i love the idea of a",-7.56441135095967
"i love this time of year",-7.27672927850789
"i love you you are my",-7.56441135095967
"i loved him when he was",-7.56441135095967
"i may just have to do",-7.56441135095967
"i need to get back into",-7.56441135095967
"i need to get back to",-7.27672927850789
"i need to get over it",-7.56441135095967
"i need to talk to you",-7.27672927850789
"i need you in my life",-7.56441135095967
"i pray that one day you",-7.56441135095967
"i promise i will be back",-7.56441135095967
"i really have nothing to say",-7.56441135095967
"i really wanted to make a",-7.27672927850789
"i say is not what i",-7.56441135095967
"i say to myself i should",-7.56441135095967
"i should have been more specific",-7.56441135095967
"i spend a lot of time",-7.56441135095967
"i spent a lot of time",-7.56441135095967
"i still have a long way",-7.56441135095967
"i think a lot of people",-7.05358572719368
"i think back to the day",-7.56441135095967
"i think i am going to",-7.05358572719368
"i think i am the only",-7.56441135095967
"i think i can speak for",-7.56441135095967
"i think it's a good thing",-7.56441135095967
"i think it's fair to say",-6.87126417039972
"i think it's safe to say",-7.05358572719368
"i think it was part of",-7.56441135095967
"i think it would be a",-7.56441135095967
"i think it would be fun",-7.56441135095967
"i think one of the best",-7.56441135095967
"i think same couples should be",-7.27672927850789
"i think that i shall never",-7.56441135095967
"i think there was a bit",-7.56441135095967
"i think we need to see",-7.56441135095967
"i thought it was a great",-7.56441135095967
"i thought it was kind of",-7.27672927850789
"i thought it would be but",-7.56441135095967
"i use it all the time",-7.56441135095967
"i used to think i was",-7.56441135095967
"i wake up in the morning",-7.56441135095967
"i want to be able to",-7.05358572719368
"i want to do is sleep",-7.56441135095967
"i want to go back to",-7.27672927850789
"i want to go to the",-7.05358572719368
"i want to live in a",-7.05358572719368
"i want you to be happy",-7.56441135095967
"i want you to think about",-7.56441135095967
"i was able to use the",-7.56441135095967
"i was about to ask that",-7.56441135095967
"i was glad to hear that",-7.56441135095967
"i was going to have a",-7.56441135095967
"i was going to have to",-7.27672927850789
"i was in a hurry to",-7.56441135095967
"i was in the middle of",-7.27672927850789
"i was just trying to get",-7.56441135095967
"i was laughing so hard i",-7.56441135095967
"i was not the only one",-7.56441135095967
"i was one of those people",-7.27672927850789
"i was so happy to be",-7.56441135095967
"i was very lucky that i",-7.56441135095967
"i wasn't a fan of the",-7.56441135095967
"i went back to my old",-7.56441135095967
"i will be sure to post",-7.56441135095967
"i will be trying to do",-7.56441135095967
"i will not be able to",-7.56441135095967
"i wish i could be there",-7.56441135095967
"i wish i could get a",-7.27672927850789
"i would be more than happy",-7.56441135095967
"i would have done better to",-7.56441135095967
"i would have done the same",-7.56441135095967
"i would like to chat about",-7.56441135095967
"i would like to invite you",-7.56441135095967
"i would like to point out",-7.56441135095967
"i would like to say a",-7.56441135095967
"i would like to thank the",-7.27672927850789
"i would like to thank you",-7.56441135095967
"i would look forward to a",-7.56441135095967
"i would love it if you",-7.56441135095967
"i would love to know how",-7.56441135095967
"i would never be so rude",-7.56441135095967
"i would very much like to",-7.56441135095967
"i wouldn't be where i am",-7.56441135095967
"i wouldn't have been able to",-7.27672927850789
"i wouldn't have it any other",-7.56441135095967
"i wouldn't know what to do",-7.56441135095967
"if at first you don't succeed",-7.27672927850789
"if he wants to make it",-7.56441135095967
"if i can do it anyone",-7.56441135095967
"if i were a boy i'd",-7.56441135095967
"if it weren't for the kids",-7.56441135095967
"if that is the case i",-7.56441135095967
"if there is anything i can",-7.56441135095967
"if there was anything he could",-7.56441135095967
"if we have the courage to",-7.56441135095967
"if you're on the right track",-7.56441135095967
"if you are in the area",-7.27672927850789
"if you are interested in the",-7.27672927850789
"if you are looking for something",-7.56441135095967
"if you do not have a",-7.56441135095967
"if you don't share it you",-7.56441135095967
"if you don't want me to",-7.56441135095967
"if you don't want to be",-7.56441135095967
"if you have any other questions",-7.56441135095967
"if you have any questions or",-7.56441135095967
"if you have any questions please",-7.56441135095967
"if you haven't figured it out",-7.27672927850789
"if you haven't read it yet",-7.56441135095967
"if you know what i mean",-7.27672927850789
"if you take the time to",-7.56441135095967
"if you want it bad enough",-7.56441135095967
"if you want to be a",-7.05358572719368
"if you want to catch the",-7.56441135095967
"if you want to do a",-7.56441135095967
"if you want to have a",-7.56441135095967
"if you want to join the",-7.56441135095967
"if you want to know what",-7.56441135095967
"if you want to tell me",-7.56441135095967
"if you want to use it",-7.56441135095967
"if you would like me to",-7.56441135095967
"if you would like to get",-7.56441135095967
"if you would like to read",-7.56441135095967
"imagination is more important than knowledge",-7.56441135095967
"imitation is the sincerest form of",-7.56441135095967
"in a large skillet over medium",-7.05358572719368
"in a matter of fact tone",-7.56441135095967
"in a week and a half",-7.56441135095967
"in front of me on the",-7.27672927850789
"in my neck of the woods",-7.27672927850789
"in order to be the best",-7.56441135095967
"in that neck of the woods",-7.56441135095967
"in the back of the line",-7.56441135095967
"in the blink of an eye",-7.27672927850789
"in the corner of your eye",-7.56441135095967
"in the first half of 2011",-7.56441135095967
"in the grand scheme of things",-7.05358572719368
"in the history of the world",-7.05358572719368
"in the late 80s early 90s",-7.56441135095967
"in the market for a new",-7.27672927850789
"in the middle of nowhere the",-7.56441135095967
"in the middle of the flower",-7.56441135095967
"in the middle of the night",-5.40492710160629
"in the morning and i'm still",-7.27672927850789
"in the next couple of days",-7.05358572719368
"in the next couple of months",-7.56441135095967
"in the next few weeks so",-7.56441135095967
"in the next week or so",-7.56441135095967
"in the next week or two",-7.56441135095967
"in the same way that the",-7.56441135095967
"in the us house of representatives",-7.56441135095967
"in the valley of the shadow",-7.56441135095967
"in the week leading up to",-7.56441135095967
"in the world i will be",-7.56441135095967
"in your neck of the woods",-7.56441135095967
"integrity is doing the right thing",-7.56441135095967
"is a big step in the",-7.56441135095967
"is a breath of fresh air",-7.56441135095967
"is a daily reminder of how",-7.56441135095967
"is a force to be reckoned",-7.56441135095967
"is a great way to have",-7.56441135095967
"is a means to an end",-7.05358572719368
"is a thing of the past",-7.56441135095967
"is about a lot more than",-7.56441135095967
"is all i have to say",-7.27672927850789
"is all i want to do",-7.56441135095967
"is anything i can do to",-7.56441135095967
"is as much a part of",-7.56441135095967
"is at the top of my",-7.56441135095967
"is going from failure to failure",-7.56441135095967
"is going to be a good",-7.05358572719368
"is going to be full of",-7.56441135095967
"is going to be one of",-6.58358209794794
"is going to be so much",-7.56441135095967
"is going to be the last",-7.56441135095967
"is how it should be done",-7.56441135095967
"is i just don't have the",-7.56441135095967
"is in the hands of a",-7.56441135095967
"is in the middle of a",-7.27672927850789
"is in the midst of a",-7.56441135095967
"is it just me or did",-7.27672927850789
"is it just me or do",-7.05358572719368
"is less than a week away",-7.56441135095967
"is looking for a way to",-7.56441135095967
"is no such thing as a",-6.71711349057246
"is not at all the same",-7.56441135095967
"is not going to be a",-7.56441135095967
"is nothing either good or bad",-7.56441135095967
"is one of the few places",-7.56441135095967
"is one of the most important",-7.27672927850789
"is one of the reasons i",-7.05358572719368
"is only a matter of time",-7.56441135095967
"is open to the public and",-7.56441135095967
"is shaping up to be a",-7.27672927850789
"is shaping up to be the",-7.56441135095967
"is someone who knows all about",-7.56441135095967
"is starting to get a little",-7.56441135095967
"is still a great place to",-7.56441135095967
"is that there is no such",-7.56441135095967
"is the best time of year",-7.56441135095967
"is the first i've heard of",-7.56441135095967
"is the first time i have",-7.56441135095967
"is the last thing i want",-7.56441135095967
"is the only one i can",-7.56441135095967
"is the part of me that",-7.27672927850789
"is the quiet voice at the",-7.56441135095967
"is the result of the past",-7.56441135095967
"is the sincerest form of flattery",-7.56441135095967
"is there anything you would like",-7.56441135095967
"is there such a thing as",-6.58358209794794
"is what you see in the",-7.56441135095967
"it's always a pleasure to get",-7.56441135095967
"it's been a long time since",-7.56441135095967
"it's been a while since i",-6.71711349057246
"it's been a while since i've",-7.56441135095967
"it's been so long since i've",-7.27672927850789
"it's going to be a big",-7.56441135095967
"it's going to be a fun",-7.27672927850789
"it's going to be a good",-6.71711349057246
"it's not a bad idea to",-7.56441135095967
"it's not a big deal but",-7.56441135095967
"it's not that i don't want",-7.56441135095967
"it's not the end of the",-7.56441135095967
"it's only a matter of time",-6.58358209794794
"it at the end of the",-7.56441135095967
"it can be used as a",-7.56441135095967
"it couldn't have been a more",-7.56441135095967
"it didn't look like it was",-7.27672927850789
"it didn't work out that way",-7.56441135095967
"it doesn't take a rocket scientist",-7.56441135095967
"it every once in a while",-7.56441135095967
"it has been a few days",-7.56441135095967
"it has been a long time",-7.56441135095967
"it has more to do with",-7.56441135095967
"it has something to do with",-7.56441135095967
"it have something to do with",-7.56441135095967
"it is about what you are",-7.56441135095967
"it is going to be a",-6.58358209794794
"it is hard to believe that",-7.05358572719368
"it is important to note that",-7.05358572719368
"it is important to remember that",-7.05358572719368
"it is never too late to",-7.56441135095967
"it is one of the best",-7.27672927850789
"it is one of the most",-7.27672927850789
"it is probably because of my",-7.56441135095967
"it is the only way to",-7.56441135095967
"it just me or did the",-7.56441135095967
"it off and take it to",-7.56441135095967
"it one day at a time",-7.27672927850789
"it puts me in a good",-7.56441135095967
"it take to get to the",-7.56441135095967
"it takes a lot less time",-7.56441135095967
"it to the other side of",-7.56441135095967
"it was a little bit of",-7.56441135095967
"it was a lot of fun",-6.87126417039972
"it was all i could do",-7.56441135095967
"it was going to be a",-7.05358572719368
"it was gone in less than",-7.56441135095967
"it was love at first sight",-7.56441135095967
"it was nice to have a",-7.56441135095967
"it was one of the most",-6.87126417039972
"it was only a matter of",-7.56441135095967
"it was raining cats and dogs",-7.56441135095967
"it was the right thing to",-7.56441135095967
"it will be interesting to see",-7.05358572719368
"it will take you to the",-7.56441135095967
"it would be great if you",-7.05358572719368
"it would be nice to know",-7.56441135095967
"it would mean so much to",-7.56441135095967
"itself sufficient for the day is",-7.56441135095967
"journal of the american medical association",-7.56441135095967
"just another brick in the wall",-7.56441135095967
"just for the heck of it",-7.27672927850789
"just had a conversation with a",-7.56441135095967
"just in time for valentine's day",-7.27672927850789
"just need to figure out which",-7.56441135095967
"just what i needed to read",-7.56441135095967
"knew i was going to have",-7.56441135095967
"knew it was going to be",-7.56441135095967
"know about you but i have",-7.56441135095967
"know for a fact that i",-7.56441135095967
"know if i can make it",-7.56441135095967
"know if there is anything i",-7.56441135095967
"know if you have any questions",-6.58358209794794
"know if you want to join",-7.56441135095967
"know one way or the other",-7.56441135095967
"know that they will continue to",-7.56441135095967
"know what i'm going to do",-7.27672927850789
"know what is going on with",-7.56441135095967
"know what it means to be",-7.56441135095967
"know what to do next so",-7.56441135095967
"know what to do with myself",-7.05358572719368
"know what you think about the",-7.56441135095967
"know whether to laugh or cry",-7.56441135095967
"knows a thing or two about",-7.56441135095967
"knows all about you and still",-7.56441135095967
"large skillet over medium heat heat",-7.56441135095967
"last night for the first time",-7.56441135095967
"last thing i want to be",-7.56441135095967
"last week that he plans to",-7.56441135095967
"learn a thing or two from",-7.56441135095967
"let me know and i will",-7.56441135095967
"let me know if there is",-7.56441135095967
"let me know if you'd like",-7.56441135095967
"let me know if you are",-7.05358572719368
"let me know if you have",-7.05358572719368
"let me know if you want",-6.26512836682941
"let me know so i can",-7.56441135095967
"let me know what you think",-5.52752942369863
"let me tell you what i",-7.56441135095967
"let the chips fall where they",-7.56441135095967
"let us know what you think",-6.02396631001252
"let you know how that goes",-7.56441135095967
"letting the bush era tax cuts",-7.56441135095967
"licks does it take to get",-7.56441135095967
"life's challenges are not supposed to",-7.56441135095967
"life's failures are people who did",-7.56441135095967
"life would be like if i",-7.56441135095967
"light at the end of the",-7.05358572719368
"like a good idea at the",-7.56441135095967
"like a lady think like a",-7.56441135095967
"like it's going to be a",-7.27672927850789
"like to thank you all for",-7.56441135095967
"like to think of them as",-7.56441135095967
"listen to what i have to",-7.56441135095967
"live on the other side of",-7.56441135095967
"look forward to seeing you in",-7.27672927850789
"look in the mirror and see",-7.56441135095967
"looking forward to another year of",-7.56441135095967
"looking forward to catching up with",-7.56441135095967
"looking forward to seeing you at",-7.27672927850789
"looks like it's going to be",-7.56441135095967
"looks like it is going to",-7.56441135095967
"lot of catching up to do",-7.56441135095967
"lucky i am to have such",-7.56441135095967
"make a difference in this world",-7.56441135095967
"make a lot of people uncomfortable",-7.56441135095967
"make it to the other side",-7.56441135095967
"make sure that we have the",-7.56441135095967
"make sure to check out the",-7.27672927850789
"make up for it on the",-7.56441135095967
"makes me feel like i'm going",-7.56441135095967
"makes me want to be a",-7.27672927850789
"many licks does it take to",-7.56441135095967
"many of life's failures are people",-7.56441135095967
"many thanks go out to all",-7.56441135095967
"marriage is between a man and",-7.56441135095967
"matter how hard you try to",-7.56441135095967
"may or may not be a",-7.56441135095967
"me and let me know if",-7.56441135095967
"me but i did get a",-7.56441135095967
"me in such a good mood",-7.56441135095967
"me know if there is anything",-7.56441135095967
"me know if you'd like to",-7.56441135095967
"me know if you have any",-7.27672927850789
"me know what you think about",-7.56441135095967
"me know what you think of",-7.05358572719368
"me look at me look at",-7.27672927850789
"me the serenity to accept the",-7.56441135095967
"me what you think of my",-7.56441135095967
"mean the world to me if",-7.05358572719368
"meaning of life the universe and",-7.56441135095967
"merry christmas and happy new year",-7.27672927850789
"minutes or until the center is",-7.56441135095967
"more commonly referred to as the",-7.56441135095967
"most if not all of the",-7.56441135095967
"most powerful men in the world",-7.56441135095967
"mother's day from all of us",-7.27672927850789
"mothers day to all of the",-7.56441135095967
"much to do and so little",-7.27672927850789
"must be accompanied by an adult",-7.56441135095967
"my favorite books of all time",-7.56441135095967
"my mom's side of the family",-7.27672927850789
"my my my my my my",-6.87126417039972
"national committee chair debbie wasserman schultz",-7.56441135095967
"need all the help we can",-7.56441135095967
"need to do a better job",-7.56441135095967
"need to get back in the",-7.56441135095967
"need to get out of my",-7.56441135095967
"need to get out of this",-7.56441135095967
"need to make a trip to",-7.56441135095967
"need to spend more time with",-7.56441135095967
"needs to be looked at is",-7.56441135095967
"needs to do a better job",-7.56441135095967
"never been a huge fan of",-7.27672927850789
"never never never never give up",-7.56441135095967
"never worked a day in her",-7.56441135095967
"new york state comptroller thomas dinapoli",-7.56441135095967
"no matter how hard you try",-7.56441135095967
"no no no no no no",-6.87126417039972
"no one can be mad at",-7.56441135095967
"nobody said it would be easy",-7.56441135095967
"not an easy thing to do",-7.56441135095967
"not at all the same as",-7.56441135095967
"not be anxious about tomorrow for",-7.56441135095967
"not even going to attempt to",-7.56441135095967
"not going to be able to",-6.71711349057246
"not supposed to paralyze you they're",-7.56441135095967
"not sure what it is about",-7.56441135095967
"not sure what to do about",-7.56441135095967
"not that i don't want to",-7.56441135095967
"not that there's anything wrong with",-7.56441135095967
"not the end of the world",-7.56441135095967
"not to be confused with the",-7.56441135095967
"nothing but the best for you",-7.56441135095967
"now all i can do is",-7.56441135095967
"now but at the same time",-7.56441135095967
"now i'm going back to bed",-7.56441135095967
"now if you'll excuse me i",-7.56441135095967
"now is the perfect time to",-7.56441135095967
"now that i think about it",-7.27672927850789
"now what am i supposed to",-7.56441135095967
"of appeals for the second circuit",-7.56441135095967
"of course we all know that",-7.56441135095967
"of life's failures are people who",-7.56441135095967
"of life the universe and everything",-7.56441135095967
"of my favorite things to do",-7.56441135095967
"of our lady of mount carmel",-7.56441135095967
"of the best films in the",-7.56441135095967
"of the best films of the",-7.56441135095967
"of the big reasons for the",-7.56441135095967
"of the first decade of the",-7.56441135095967
"of the first half of the",-7.56441135095967
"of the most powerful men in",-7.56441135095967
"of the news of the world",-7.56441135095967
"of the rest of my life",-7.05358572719368
"of the rest of the day",-7.56441135095967
"of the us fish and wildlife",-7.56441135095967
"of the world is the same",-7.56441135095967
"of the year so far with",-7.56441135095967
"of what you don't want to",-7.56441135095967
"off the face of the earth",-7.56441135095967
"old and in with the new",-7.56441135095967
"older i get the more i",-7.56441135095967
"on a baking sheet and bake",-7.27672927850789
"on a life of its own",-7.56441135095967
"on a wild pitch for the",-7.56441135095967
"on in my life right now",-7.27672927850789
"on less than 2 a day",-7.56441135095967
"on my to do list for",-7.56441135095967
"on my to read list for",-7.56441135095967
"on my way home from work",-7.56441135095967
"on the hottest day of the",-7.56441135095967
"on the left side of my",-7.56441135095967
"on the main page of the",-7.56441135095967
"on the other side of the",-5.77265188173161
"on the part of the city",-7.56441135095967
"on the phone and it was",-7.56441135095967
"on the right side of the",-7.56441135095967
"on the side of the road",-6.58358209794794
"on the way home from a",-7.56441135095967
"on to the next phase of",-7.56441135095967
"once a cheater always a cheater",-7.56441135095967
"once in a lifetime opportunity to",-7.56441135095967
"once upon a time there was",-7.27672927850789
"one of my all time favorite",-7.27672927850789
"one of my all time favorites",-7.05358572719368
"one of my favorite places to",-7.56441135095967
"one of my favorite things to",-7.56441135095967
"one of the best films of",-7.56441135095967
"one of the best pieces of",-7.27672927850789
"one of the best ways to",-7.05358572719368
"one of the big reasons for",-7.56441135095967
"one of the first to get",-7.56441135095967
"one of the most amazing things",-7.27672927850789
"one of those things you can",-7.56441135095967
"ones are going to be in",-7.56441135095967
"only a few more days to",-7.56441135095967
"only a matter of time before",-6.46579906229156
"only thing left to do is",-7.56441135095967
"only thing we have to fear",-7.56441135095967
"or as in the case of",-7.56441135095967
"or do you want to be",-7.56441135095967
"or until the center is set",-7.56441135095967
"out in the middle of the",-7.27672927850789
"out on the best part of",-7.56441135095967
"out with the old and in",-7.56441135095967
"over a longer period of time",-7.56441135095967
"over and over and over and",-6.71711349057246
"over the course of the year",-7.27672927850789
"own bags to the grocery store",-7.56441135095967
"paralyze you they're supposed to help",-7.56441135095967
"people i have come to know",-7.56441135095967
"picking up the phone and calling",-7.56441135095967
"place the pan over medium heat",-7.56441135095967
"please for the love of god",-7.27672927850789
"please let me know if i",-7.56441135095967
"please let me know if you",-6.71711349057246
"point me in the right direction",-7.56441135095967
"popping up all over the place",-7.56441135095967
"proof that god loves us and",-7.56441135095967
"put too much pressure on myself",-7.56441135095967
"puts me in a good mood",-7.05358572719368
"puts me in such a good",-7.56441135095967
"quiet voice at the end of",-7.56441135095967
"read the rest of the series",-7.56441135095967
"really going to have to get",-7.56441135095967
"really looking forward to it on",-7.56441135095967
"really that much of a difference",-7.56441135095967
"registration is now open for the",-7.56441135095967
"remember a time when i didn't",-7.56441135095967
"rock and roll hall of fame",-6.71711349057246
"sad to see him go but",-7.56441135095967
"same couples should be able to",-6.71711349057246
"same thing over and over again",-7.56441135095967
"saved the day for us and",-7.56441135095967
"school year is coming to an",-7.56441135095967
"see i'm not the only one",-7.56441135095967
"see what the buzz is all",-7.56441135095967
"see what you come up with",-7.56441135095967
"seemed like a good idea at",-7.56441135095967
"serenity to accept the things i",-7.56441135095967
"should be a lot of fun",-7.56441135095967
"should be able to get married",-6.71711349057246
"single in the bottom of the",-7.56441135095967
"so blessed to have her in",-7.56441135095967
"so glad you had a good",-7.56441135095967
"so i'm going to have to",-7.56441135095967
"so i can get everything done",-7.56441135095967
"so i guess it's too late",-7.56441135095967
"so i have a lot of",-7.56441135095967
"so if you are looking for",-7.56441135095967
"so it's not a big deal",-7.56441135095967
"so it's up to me to",-7.56441135095967
"so let me know if you",-7.56441135095967
"so much to do and so",-7.27672927850789
"so stay tuned and thank you",-7.56441135095967
"so that you can get the",-7.56441135095967
"so we can check it out",-7.56441135095967
"so you don't have to go",-7.56441135095967
"some of the best films in",-7.56441135095967
"somebody that i used to know",-6.58358209794794
"someone who knows all about you",-7.56441135095967
"song somebody that i used to",-7.56441135095967
"spend a lot of money on",-7.56441135095967
"spent a little too much time",-7.56441135095967
"spent the rest of the day",-7.56441135095967
"step out of my comfort zone",-7.56441135095967
"still feel the same about him",-7.56441135095967
"still have a long way to",-7.27672927850789
"success is going from failure to",-7.56441135095967
"sufficient for the day is its",-7.56441135095967
"sunday is a day of rest",-7.56441135095967
"supposed to help you discover who",-7.56441135095967
"supposed to paralyze you they're supposed",-7.56441135095967
"take it to the next level",-7.56441135095967
"take the time to get to",-7.27672927850789
"take time out of your day",-7.27672927850789
"take your game to the next",-7.56441135095967
"takes a lot less time to",-7.56441135095967
"taking it one day at a",-7.56441135095967
"tell me what you think of",-7.56441135095967
"tell you how much i love",-7.56441135095967
"terrible horrible no good very bad",-7.05358572719368
"than it was five years ago",-7.56441135095967
"thank you for all of the",-7.05358572719368
"thank you for sharing this with",-7.56441135095967
"thank you for stopping by and",-7.27672927850789
"thank you for your kind words",-7.27672927850789
"thank you so much for your",-6.26512836682941
"thank you so much to everyone",-7.27672927850789
"thank you thank you thank you",-6.71711349057246
"thank you to all of my",-7.56441135095967
"thank you to all that took",-7.56441135095967
"thank you to all those who",-7.27672927850789
"thank you to everyone for your",-7.56441135095967
"thanks for taking the time to",-7.27672927850789
"thanks to all of you who",-7.27672927850789
"that's all there is to it",-7.56441135095967
"that's all well and good but",-7.56441135095967
"that's what i was trying to",-7.56441135095967
"that came out to support the",-7.56441135095967
"that has nothing to do with",-7.56441135095967
"that has to do with the",-7.27672927850789
"that have to do with me",-7.56441135095967
"that i or anyone else would",-7.56441135095967
"that is the beauty of a",-7.56441135095967
"that is very nice of you",-7.56441135095967
"that made me laugh out loud",-7.56441135095967
"that one i will have to",-7.56441135095967
"that there's anything wrong with that",-7.56441135095967
"that there is no such thing",-7.27672927850789
"that they will continue to be",-7.56441135095967
"that was supposed to be a",-7.56441135095967
"that we should be able to",-7.56441135095967
"that we will be able to",-7.56441135095967
"that you would like to see",-7.27672927850789
"the 138th running of the kentucky",-7.56441135095967
"the 3rd season of one tree",-7.56441135095967
"the beginning of the school year",-7.56441135095967
"the best cook in the world",-7.56441135095967
"the best part is when you",-7.56441135095967
"the best talent in the world",-7.56441135095967
"the better part of a year",-7.56441135095967
"the change you wish to see",-7.27672927850789
"the devil is in the details",-7.05358572719368
"the end of the day i",-6.58358209794794
"the end of the day it's",-7.27672927850789
"the end of the day saying",-7.56441135095967
"the end of the day we",-7.27672927850789
"the end of the day you",-7.27672927850789
"the end of the month but",-7.56441135095967
"the end of the year i",-7.56441135095967
"the fact of the matter is",-7.56441135095967
"the first day of the rest",-7.56441135095967
"the first round of the playoffs",-7.56441135095967
"the first thing that came to",-7.27672927850789
"the first time in a long",-7.05358572719368
"the first time in a while",-7.56441135095967
"the first time in my life",-6.71711349057246
"the front page of the new",-7.56441135095967
"the girl with the dragon tattoo",-7.05358572719368
"the good the bad and the",-7.56441135095967
"the happiness project by gretchen rubin",-7.56441135095967
"the history of rock and roll",-7.56441135095967
"the last book i read was",-7.56441135095967
"the last thing i want to",-7.56441135095967
"the leadership conference of women religious",-7.56441135095967
"the list goes on and on",-7.05358572719368
"the love of my life i",-7.56441135095967
"the main page of the website",-7.56441135095967
"the march on washington in 1963",-7.56441135095967
"the middle of the night to",-7.05358572719368
"the most beautiful time of year",-7.56441135095967
"the most powerful men in the",-7.56441135095967
"the national federation of the blind",-7.56441135095967
"the national oceanic and atmospheric administration",-7.56441135095967
"the new york times reports that",-7.56441135095967
"the news of the world and",-7.56441135095967
"the next time you decide to",-7.56441135095967
"the old and in with the",-7.56441135095967
"the older i get the more",-7.27672927850789
"the only good thing about this",-7.56441135095967
"the only thing left to do",-7.56441135095967
"the only thing we have to",-7.56441135095967
"the opportunity to work with the",-7.56441135095967
"the other end of the spectrum",-7.56441135095967
"the other side of the highway",-7.56441135095967
"the other side of the pond",-7.56441135095967
"the other side of the room",-7.56441135095967
"the other side of the world",-7.05358572719368
"the pan over medium heat and",-7.56441135095967
"the people who were trying to",-7.56441135095967
"the quiet voice at the end",-7.56441135095967
"the rest of the day it",-7.56441135095967
"the rest of the world that",-7.56441135095967
"the right thing to do is",-7.56441135095967
"the road to is paved with",-7.56441135095967
"the rock and roll hall of",-7.27672927850789
"the same thing over and over",-7.05358572719368
"the serenity to accept the things",-7.56441135095967
"the story you are about to",-7.56441135095967
"the street we are thankful for",-7.56441135095967
"the terrible horrible no good very",-7.56441135095967
"the things we do for love",-7.56441135095967
"the time to get to know",-7.27672927850789
"the truth of the matter is",-7.56441135095967
"the truth will set you free",-7.05358572719368
"the us court of appeals for",-7.56441135095967
"the us fish and wildlife service",-7.27672927850789
"the valley of the shadow of",-7.56441135095967
"the way you live your life",-7.56441135095967
"the world is going to end",-7.56441135095967
"there's been a lot of talk",-7.56441135095967
"there's going to be a lot",-7.56441135095967
"there anything you would like to",-7.56441135095967
"there are a lot of people",-7.27672927850789
"there are still a lot of",-7.27672927850789
"there are two types of people",-7.56441135095967
"there have been a lot of",-7.05358572719368
"there is a huge difference between",-7.56441135095967
"there is anything i can do",-7.56441135095967
"there is no doubt that the",-7.56441135095967
"there is no end to the",-7.56441135095967
"there is no such thing as",-6.17811698983978
"there is nothing either good or",-7.56441135095967
"there is nothing in the world",-7.56441135095967
"there is nothing you can do",-7.56441135095967
"there is still hope for the",-7.56441135095967
"there may or may not be",-7.56441135095967
"there was anything he could do",-7.56441135095967
"there will be a lot of",-7.05358572719368
"therefore do not be anxious about",-7.56441135095967
"they're supposed to help you discover",-7.56441135095967
"they were to success when they",-7.56441135095967
"thing a father can do for",-7.56441135095967
"thing that came to my mind",-7.56441135095967
"thing we have to fear is",-7.56441135095967
"think i am the only one",-7.56441135095967
"think it's fair to say that",-6.87126417039972
"think it would be a good",-7.27672927850789
"think same couples should be able",-7.27672927850789
"think that i shall never see",-7.56441135095967
"think there was a bit of",-7.56441135095967
"this is a great way to",-7.56441135095967
"this is going to be a",-6.09807428216624
"this is going to be the",-7.27672927850789
"this is how it should be",-7.56441135095967
"this is just the beginning of",-7.27672927850789
"this is not to say that",-6.71711349057246
"this is the best time of",-7.56441135095967
"this is the first i've heard",-7.56441135095967
"this is the first time i",-7.27672927850789
"this is the last day of",-7.56441135095967
"this is the part of me",-7.27672927850789
"this is the part of the",-7.56441135095967
"this is what happens when you",-7.05358572719368
"this is where you want to",-7.56441135095967
"this time last year i was",-7.27672927850789
"thought i would let you know",-7.56441135095967
"thought it would be nice to",-7.27672927850789
"three quarters of the way through",-7.56441135095967
"time out of your day to",-7.27672927850789
"time to get out of their",-7.56441135095967
"time to head back to the",-7.56441135095967
"to accept the things i cannot",-7.56441135095967
"to all of the moms out",-7.56441135095967
"to announce the launch of the",-7.56441135095967
"to announce the winner of the",-7.56441135095967
"to attract a certain kind of",-7.56441135095967
"to be a part of a",-7.56441135095967
"to be a part of it",-7.27672927850789
"to be a part of the",-6.71711349057246
"to be a part of this",-7.05358572719368
"to be able to deal with",-7.56441135095967
"to be able to look back",-7.56441135095967
"to be looked at is the",-7.56441135095967
"to be on the safe side",-7.56441135095967
"to be one of the best",-7.56441135095967
"to be one of the most",-6.58358209794794
"to bed at a decent time",-7.56441135095967
"to believe that i am a",-7.56441135095967
"to change the things i can",-7.56441135095967
"to do a better job of",-7.05358572719368
"to do and so little time",-7.27672927850789
"to do exactly the same thing",-7.56441135095967
"to do it again and again",-7.56441135095967
"to do it all over again",-7.56441135095967
"to do whatever it takes to",-7.56441135095967
"to err on the side of",-7.56441135095967
"to figure out how to frame",-7.56441135095967
"to figure out how to get",-7.27672927850789
"to figure out how to make",-7.56441135095967
"to find a way to get",-7.05358572719368
"to get a closer look at",-7.56441135095967
"to get away from the city",-7.56441135095967
"to get back into the habit",-7.56441135095967
"to get back into the swing",-7.56441135095967
"to get my mind off of",-7.56441135095967
"to get on the road again",-7.56441135095967
"to get out of the house",-7.27672927850789
"to get out of the way",-7.56441135095967
"to get the best out of",-7.56441135095967
"to get up close and personal",-7.56441135095967
"to go to bed on a",-7.56441135095967
"to go to the gym tomorrow",-7.56441135095967
"to hang out with some friends",-7.56441135095967
"to have a sense of humor",-7.56441135095967
"to have to find a way",-7.56441135095967
"to hear from you what do",-7.56441135095967
"to help you discover who you",-7.56441135095967
"to keep the dream alive and",-7.56441135095967
"to know how much i love",-7.56441135095967
"to listen to what i have",-7.56441135095967
"to live in a world where",-7.27672927850789
"to live in the past and",-7.56441135095967
"to make a lot of people",-7.56441135095967
"to make the best out of",-7.56441135095967
"to me i have never been",-7.56441135095967
"to me i just want to",-7.56441135095967
"to move on to the next",-7.56441135095967
"to my mom on the phone",-7.56441135095967
"to paralyze you they're supposed to",-7.56441135095967
"to prevent a crust from forming",-7.56441135095967
"to read the rest of the",-7.56441135095967
"to say a huge thank you",-7.56441135095967
"to see if any of my",-7.56441135095967
"to see if i can find",-7.56441135095967
"to see if i could get",-7.27672927850789
"to see the world through the",-7.56441135095967
"to see what was going on",-7.56441135095967
"to see what you come up",-7.56441135095967
"to see you at the show",-7.56441135095967
"to spend more time in the",-7.56441135095967
"to spend the rest of your",-7.56441135095967
"to start off the new year",-7.56441135095967
"to stay just ahead of the",-7.56441135095967
"to step out of my comfort",-7.56441135095967
"to tell me how much i",-7.56441135095967
"to the back door of the",-7.56441135095967
"to the best of our ability",-7.56441135095967
"to the center of the universe",-7.56441135095967
"to the city that never sleeps",-7.56441135095967
"to the conclusion that we are",-7.56441135095967
"to the other side of the",-6.58358209794794
"to the rest of the world",-7.56441135095967
"to the top of the hill",-7.56441135095967
"to think of a way to",-7.27672927850789
"to those who believe in the",-7.56441135095967
"to watch a movie on netflix",-7.56441135095967
"to what i have to say",-7.56441135095967
"to where i need to be",-7.56441135095967
"to you but to me it",-7.56441135095967
"today is the first day of",-6.87126417039972
"today marks the last day of",-7.56441135095967
"tomorrow for tomorrow will be anxious",-7.56441135095967
"tomorrow will be anxious for itself",-7.56441135095967
"too much for me to handle",-7.05358572719368
"took a while for me to",-7.56441135095967
"true if we have the courage",-7.56441135095967
"trust me when i say that",-7.56441135095967
"trying to come up with something",-7.56441135095967
"trying to figure out how to",-6.09807428216624
"trying to find the words to",-7.56441135095967
"trying to keep up with the",-7.27672927850789
"trying to stay just ahead of",-7.56441135095967
"trying to think of a way",-7.56441135095967
"two wrongs don't make a right",-7.56441135095967
"unless i feel like i really",-7.56441135095967
"until the end of the year",-7.56441135095967
"up every once in a while",-7.56441135095967
"up for the rest of the",-7.56441135095967
"up in the middle of the",-6.02396631001252
"upon a time there was a",-7.27672927850789
"us at the end of the",-7.56441135095967
"us court of appeals for the",-7.56441135095967
"valley of the shadow of death",-7.56441135095967
"very much a work in progress",-7.56441135095967
"voice at the end of the",-7.56441135095967
"wait to share them with you",-7.56441135095967
"waited for an hour and a",-7.56441135095967
"waiting for me when i get",-7.56441135095967
"wake up in the middle of",-7.05358572719368
"want to be able to make",-7.56441135095967
"want to get out of my",-7.56441135095967
"want to go to bed but",-7.27672927850789
"want to live in a world",-7.27672927850789
"want to live in the city",-7.56441135095967
"want to make a difference in",-7.56441135095967
"want to see in the world",-7.27672927850789
"wanted to be part of the",-7.56441135095967
"wanted to take a look at",-7.56441135095967
"wants to be a part of",-7.56441135095967
"was a waste of time and",-7.27672927850789
"was all i could do to",-7.56441135095967
"was born into a family of",-7.56441135095967
"was brought to you by the",-7.56441135095967
"was only a matter of time",-7.56441135095967
"was supposed to be a special",-7.56441135095967
"was the last day of my",-7.56441135095967
"was the right thing to do",-7.27672927850789
"was too good to be true",-7.56441135095967
"way to start off the new",-7.56441135095967
"we'd love to hear from you",-7.27672927850789
"we are all in this together",-7.56441135095967
"we are going to have a",-7.05358572719368
"we are going to see the",-7.56441135095967
"we are hoping to get up",-7.56441135095967
"we are in the middle of",-7.05358572719368
"we are one of the few",-7.56441135095967
"we are so excited to be",-7.56441135095967
"we are so excited to share",-7.27672927850789
"we are so proud of you",-7.56441135095967
"we are very excited about our",-7.56441135095967
"we can't wait to see what",-7.05358572719368
"we can find a way to",-7.56441135095967
"we don't want to go back",-7.56441135095967
"we find out who we are",-7.56441135095967
"we get to see how crazy",-7.56441135095967
"we had a good time talking",-7.56441135095967
"we had a great time and",-7.27672927850789
"we had a lot of fun",-7.56441135095967
"we have the courage to pursue",-7.56441135095967
"we have to fear is fear",-7.56441135095967
"we hope you all enjoyed your",-7.56441135095967
"we hope you had a wonderful",-7.56441135095967
"we look forward to seeing you",-6.87126417039972
"we need all the help we",-7.56441135095967
"we need to talk about kevin",-7.05358572719368
"we want to hear from you",-7.56441135095967
"we want to make sure that",-7.56441135095967
"we would love to have you",-7.56441135095967
"we would love to see you",-7.05358572719368
"week which is a good thing",-7.56441135095967
"well behaved women seldom make history",-7.56441135095967
"were to success when they gave",-7.56441135095967
"what a great way to start",-7.05358572719368
"what a relief it is to",-7.56441135095967
"what all the fuss is about",-7.56441135095967
"what am i going to do",-7.56441135095967
"what am i supposed to do",-7.05358572719368
"what are some of your favorite",-7.27672927850789
"what are we going to do",-7.56441135095967
"what are you doing this weekend",-7.05358572719368
"what are you going to do",-7.27672927850789
"what are you looking forward to",-7.27672927850789
"what comes to mind when i",-7.56441135095967
"what did you do with it",-7.56441135095967
"what do i have to do",-7.27672927850789
"what do i need to do",-7.27672927850789
"what do you need help with",-7.56441135095967
"what do you think about the",-6.58358209794794
"what do you think is the",-7.27672927850789
"what do you want me to",-7.05358572719368
"what do you want to do",-7.56441135095967
"what does that have to do",-7.05358572719368
"what i have to do and",-7.56441135095967
"what i say is not what",-7.56441135095967
"what i want to do but",-7.56441135095967
"what i want to do when",-7.56441135095967
"what i want to know is",-7.27672927850789
"what i was trying to convey",-7.56441135095967
"what i was trying to say",-7.56441135095967
"what is being done to him",-7.56441135095967
"what is the world coming to",-7.56441135095967
"what is wrong with these people",-7.56441135095967
"what it is you want to",-7.56441135095967
"what it means to be human",-7.56441135095967
"what it takes to be the",-7.56441135095967
"what it was like to live",-7.56441135095967
"what it would be like to",-7.27672927850789
"what life would be like if",-7.27672927850789
"what the am i going to",-7.56441135095967
"what the buzz is all about",-7.56441135095967
"what the do you think you're",-7.56441135095967
"what the heck does that mean",-7.56441135095967
"what to do with my hair",-7.56441135095967
"what was supposed to be a",-7.56441135095967
"what we have to do and",-7.56441135095967
"what would turn out to be",-7.56441135095967
"what would you like to see",-7.05358572719368
"what you are doing is not",-7.56441135095967
"what you do and if you",-7.56441135095967
"when are you going to do",-7.56441135095967
"when i first heard of the",-7.56441135095967
"when i was a little girl",-7.56441135095967
"when i was in high school",-7.27672927850789
"when is the last time we",-7.56441135095967
"when is the last time you",-7.56441135095967
"when was the last time you",-6.26512836682941
"whether they know it or not",-7.56441135095967
"white house press secretary jay carney",-7.56441135095967
"who came to the united states",-7.56441135095967
"who can come up with the",-7.56441135095967
"who do you think would win",-7.56441135095967
"who i am and no one",-7.56441135095967
"who knows all about you and",-7.56441135095967
"who saved the day for us",-7.56441135095967
"who would you like to see",-7.27672927850789
"why do i always have to",-7.56441135095967
"why is it so hard to",-7.27672927850789
"why would you do that to",-7.56441135095967
"will always be a part of",-7.56441135095967
"will be anxious for itself sufficient",-7.56441135095967
"will be interesting to see how",-7.56441135095967
"will be interesting to see what",-7.05358572719368
"will be more than happy to",-7.56441135095967
"wish i could get a picture",-7.56441135095967
"wish to see in the world",-7.27672927850789
"with as many people as you",-7.56441135095967
"with the old and in with",-7.56441135095967
"woke up in the middle of",-7.27672927850789
"word on the streets is that",-7.56441135095967
"worked a day in her life",-7.56441135095967
"would be a dream come true",-7.56441135095967
"would be great if you can",-7.56441135095967
"would be more than happy to",-7.27672927850789
"would have been none the wiser",-7.56441135095967
"would have done the same thing",-7.56441135095967
"would have them do to you",-7.56441135095967
"would like to invite you to",-7.27672927850789
"would like to know more about",-7.27672927850789
"would make the perfect gift for",-7.56441135095967
"wouldn't have been the same without",-7.56441135095967
"wouldn't have it any other way",-7.27672927850789
"year is coming to an end",-7.56441135095967
"you're not a part of it",-7.56441135095967
"you all had a great week",-7.56441135095967
"you all have a great weekend",-7.27672927850789
"you already know what it is",-7.56441135095967
"you are going to have to",-7.05358572719368
"you are the only person on",-7.27672927850789
"you are well aware of the",-7.56441135095967
"you can never go wrong with",-7.27672927850789
"you don't even have to ask",-7.56441135095967
"you don't have to be a",-6.87126417039972
"you don't have to tell me",-7.56441135095967
"you don't succeed try try again",-7.56441135095967
"you don't want to miss out",-7.56441135095967
"you for your kind words and",-7.56441135095967
"you get what you pay for",-7.56441135095967
"you have any questions please feel",-7.56441135095967
"you have no idea how happy",-7.56441135095967
"you have no idea how much",-7.05358572719368
"you have no idea what you",-7.27672927850789
"you have to hand it to",-7.56441135095967
"you haven't figured it out yet",-7.56441135095967
"you know it's not a good",-7.56441135095967
"you know what i'd like to",-7.27672927850789
"you know what they say about",-7.56441135095967
"you love what you are doing",-7.27672927850789
"you they're supposed to help you",-7.56441135095967
"you will be able to view",-7.56441135095967
"you will find yourself one day",-7.56441135095967
"you wish to see in the",-7.27672927850789
"you would have them do to",-7.56441135095967
"you would like to see in",-7.56441135095967
"you would need to change your",-7.56441135095967
"your game to the next level",-7.56441135095967
"yourselves it is the gift of",-7.56441135095967
